<?xml version="1.0"?>
<archive xmlns="http://rs.tdwg.org/dwc/text/" metadata="eml.xml">
	<core encoding="UTF-8" linesTerminatedBy="\r\n" fieldsTerminatedBy="\t" fieldsEnclosedBy="" ignoreHeaderLines="1" rowType="http://rs.tdwg.org/dwc/terms/Taxon">
		<files>
			<location>taxon.txt</location>
		</files>
		<id index="0"/>
		<field index="1" term="http://rs.tdwg.org/dwc/terms/scientificName"/>
		<field index="2" term="http://rs.tdwg.org/dwc/terms/scientificNameAuthorship"/>
		<field index="3" term="http://rs.tdwg.org/dwc/terms/taxonRank"/>
		<field index="4" term="http://rs.tdwg.org/dwc/terms/kingdom"/>
		<field index="5" term="http://rs.tdwg.org/dwc/terms/phylum"/>
		<field index="6" term="http://rs.tdwg.org/dwc/terms/class"/>
		<field index="7" term="http://rs.tdwg.org/dwc/terms/order"/>
		<field index="8" term="http://rs.tdwg.org/dwc/terms/family"/>
		<field index="9" term="http://rs.tdwg.org/dwc/terms/genus"/>
	</core>
</archive>