<?xml version="1.0" encoding="UTF-8"?>
<archive xmlns="http://rs.tdwg.org/dwc/text/" metadata="eml.xml">
	<core encoding="UTF-8" linesTerminatedBy="\n" fieldsTerminatedBy="\t" 
fieldsEnclosedBy="" ignoreHeaderLines="1" rowType="http://rs.tdwg.org/dwc/terms/
Taxon">
		<files>
			<location>taxon.txt</location>
		</files>
		<id index="0"/>
    <field index="1" term="http://rs.tdwg.org/dwc/terms/taxonID"/>
    <field index="2" term="http://rs.tdwg.org/dwc/terms/parentNameUsageID"/>
    <field index="3" term="http://rs.tdwg.org/dwc/terms/scientificName"/>
    <field index="4" term="http://rs.tdwg.org/dwc/terms/acceptedNameUsageID"/>
    <field index="5" term="http://rs.tdwg.org/dwc/terms/scientificNameAuthorship"/>
    <field index="6" term="http://rs.tdwg.org/dwc/terms/taxonRank"/>
  </core>
</archive>
